Artikelnr;acc_name;Gesamtnr;row;ausg_nr;beznr_komm;relative_date;color
4;dirk1962;1;1;1;9999;2015-11-20 21:22;#40FF13
4;karend;2;1;2;9999;2015-11-20 21:24;#40FF13
4;dbrown;3;1;3;9999;2015-11-20 21:27;#40FF13
4;jubelyon;4;1;4;9999;2015-11-20 21:27;#40FF13
4;knut.boetticher;5;1;5;9999;2015-11-20 21:28;#40FF13
4;nurzubesuchhier;6;1;6;9999;2015-11-20 21:30;#40FF13
4;tullrich;7;1;7;9999;2015-11-20 21:34;#40FF13
4;Topf Gun;8;1;8;9999;2015-11-20 21:36;#40FF13
4;MatthiasM;9;1;9;9999;2015-11-20 21:39;#40FF13
4;Art. 5;11;1;11;9999;2015-11-20 21:42;#40FF13
4;balotelli;12;1;12;9999;2015-11-20 21:44;#40FF13
4;aufdenpunktgebracht;13;1;13;9999;2015-11-20 21:44;#40FF13
4;sackmanng;14;1;14;9999;2015-11-20 21:45;#40FF13
4;oscarherz;15;1;15;9999;2015-11-20 21:45;#40FF13
4;nordlys;16;1;16;9999;2015-11-20 21:45;#40FF13
4;k.leber;17;1;17;9999;2015-11-20 21:46;#40FF13
4;spon-facebook-10000248365;18;1;18;9999;2015-11-20 21:45;#40FF13
4;ulli7;19;1;19;9999;2015-11-20 21:47;#40FF13
4;peter_silie_1;20;1;20;9999;2015-11-20 21:47;#40FF13
4;Rollerfahrer;21;1;21;9999;2015-11-20 21:48;#40FF13
4;leonidasng;23;1;23;9999;2015-11-20 21:51;#40FF13
4;deglaboy;24;1;24;9999;2015-11-20 22:00;#40FF13
4;rdiess;25;1;25;9999;2015-11-20 22:01;#40FF13
4;bristolbay;26;2;21;21;2015-11-20 21:48;#40FF13
4;Flugor;27;1;27;9999;2015-11-20 22:05;#40FF13
4;sackmanng;28;2;6;6;2015-11-20 21:30;#40FF13
4;curiosus_;29;1;29;9999;2015-11-20 22:08;#40FF13
4;jojack;31;1;31;9999;2015-11-20 22:25;#40FF13
4;braversteuerzahler;32;1;32;9999;2015-11-20 22:25;#40FF13
4;hugahuga;33;1;33;9999;2015-11-20 22:26;#40FF13
4;infolynan;34;1;34;9999;2015-11-20 22:27;#40FF13
4;zarathustra1982;35;1;35;9999;2015-11-20 22:28;#40FF13
4;Wolf_45;36;2;1;1;2015-11-20 21:22;#40FF13
4;peterPpf9;37;1;37;9999;2015-11-20 22:20;#40FF13
4;jojack;38;1;38;9999;2015-11-20 22:30;#40FF13
4;Lankoron;39;1;39;9999;2015-11-20 22:33;#40FF13
4;balouchen;40;1;40;9999;2015-11-20 22:34;#40FF13
4;skeptikerjšrg;41;1;41;9999;2015-11-20 22:34;#40FF13
4;Klaus's Meinung;42;1;42;9999;2015-11-20 22:36;#40FF13
4;dherr;43;2;35;35;2015-11-20 22:28;#40FF13
4;gedankenvielfalt;44;1;44;9999;2015-11-20 22:38;#40FF13
4;norbert.dreier;45;2;27;27;2015-11-20 22:05;#40FF13
4;karend;46;2;20;20;2015-11-20 21:47;#40FF13
4;neanderspezi;47;1;47;9999;2015-11-20 22:42;#40FF13
4;norbert.dreier;49;2;35;35;2015-11-20 22:28;#40FF13
4;niewieda;50;1;50;9999;2015-11-20 22:46;#40FF13
4;agua;51;2;30;30;2015-11-20 22:23;#40FF13
4;zeisig;52;2;21;21;2015-11-20 21:48;#40FF13
4;reg13srw5;53;1;53;9999;2015-11-20 22:51;#40FF13
4;zeisig;54;2;27;27;2015-11-20 22:05;#40FF13
4;hugahuga;55;2;35;35;2015-11-20 22:28;#40FF13
4;ClausB;56;2;24;24;2015-11-20 22:00;#40FF13
4;lazycat;57;1;57;9999;2015-11-20 22:55;#40FF13
4;Katzatzi;58;1;58;9999;2015-11-20 23:05;#40FF13
4;zeisig;59;2;35;35;2015-11-20 22:28;#40FF13
4;gabrielle.buchholz;61;1;61;9999;2015-11-20 23:07;#40FF13
4;Rahvin;62;1;62;9999;2015-11-20 23:07;#40FF13
4;dandelion666;63;1;63;9999;2015-11-20 23:10;#40FF13
4;jsavua;64;1;64;9999;2015-11-20 23:10;#40FF13
4;angelobonn;65;1;65;9999;2015-11-20 23:10;#40FF13
4;skeptikerin007;66;2;35;35;2015-11-20 22:28;#40FF13
4;Rationator;67;1;67;9999;2015-11-20 23:11;#40FF13
4;Katzatzi;68;2;23;23;2015-11-20 21:51;#40FF13
4;max4711;69;1;69;9999;2015-11-20 23:12;#40FF13
4;cvdheyden;70;3;26;26;2015-11-20 22:03;#40FF13
4;Teodore;71;1;71;9999;2015-11-20 23:13;#40FF13
4;comod;72;1;18;9999;2015-11-20 21:46;#40FF13
4;midastouch;73;1;73;9999;2015-11-20 23:18;#40FF13
4;Micha2015;74;1;74;9999;2015-11-20 23:22;#40FF13
4;arrache-coeur;76;2;21;21;2015-11-20 23:25;#40FF13
4;Krauthocker;77;1;77;9999;2015-11-20 23:33;#40FF13
4;annemarie26;78;1;78;9999;2015-11-20 23:35;#40FF13
4;comod;79;2;35;35;2015-11-20 22:28;#40FF13
4;hawe;80;2;27;27;2015-11-20 22:05;#40FF13
4;axelst;81;1;81;9999;2015-11-20 23:38;#40FF13
4;pauwi37;82;2;8;8;2015-11-20 21:36;#40FF13
4;tolate;83;1;83;9999;2015-11-20 23:40;#40FF13
4;Partieller Augentinnitus;84;1;84;9999;2015-11-20 23:41;#40FF13
4;an-i;85;1;85;9999;2015-11-20 23:43;#40FF13
4;zoon.politicon;86;1;86;9999;2015-11-20 23:43;#40FF13
4;arac;88;2;18;18;2015-11-20 21:46;#40FF13
4;amidelis;89;1;89;9999;2015-11-20 23:46;#40FF13
4;bayern2.0;90;2;35;35;2015-11-20 22:28;#40FF13
4;christian10;91;1;91;9999;2015-11-20 23:47;#40FF13
4;tomcek123;93;1;93;9999;2015-11-20 23:49;#40FF13
4;reinerhohn;94;1;94;9999;2015-11-20 23:49;#40FF13
4;jonyque;95;2;35;35;2015-11-20 22:28;#40FF13
4;honey@girl;96;1;96;9999;2015-11-20 23:52;#40FF13
4;christian10;97;2;5;5;2015-11-20 21:28;#40FF13
4;w50;98;2;35;35;2015-11-20 22:28;#40FF13
4;heinzpeter0508;99;1;99;9999;2015-11-20 23:54;#40FF13
4;Bayrischer Michel;100;1;100;9999;2015-11-20 23:58;#40FF13
4;langenscheidt;101;1;101;9999;2015-11-21 00:00;#40FF13
4;halbstark;102;1;102;9999;2015-11-21 00:01;#40FF13
4;FŸrstengruft;103;1;103;9999;2015-11-21 00:01;#40FF13
4;dlmb;104;2;35;35;2015-11-20 22:28;#40FF13
4;lemmy;105;1;105;9999;2015-11-21 00:03;#40FF13
4;Frittenbude;106;1;106;9999;2015-11-21 00:05;#40FF13
4;arrache-coeur;107;1;107;9999;2015-11-21 00:05;#40FF13
4;andrehe;109;1;109;9999;2015-11-21 00:12;#40FF13
4;amdorf;110;1;110;9999;2015-11-21 00:17;#40FF13
4;alexander001;111;1;111;9999;2015-11-21 00:19;#40FF13
4;kuac;112;2;23;23;2015-11-20 21:51;#40FF13
4;ser4t;113;1;113;9999;2015-11-21 00:23;#40FF13
4;cosa_nostra;114;1;114;9999;2015-11-21 00:25;#40FF13
4;dislozierter;115;1;115;9999;2015-11-21 00:26;#40FF13
4;wilhelm.franz76;116;1;116;9999;2015-11-21 00:30;#40FF13
4;professorA;117;1;117;9999;2015-11-21 00:32;#40FF13
4;dreiimweckla;118;1;118;9999;2015-11-21 00:32;#40FF13
4;a320cdr;119;1;119;9999;2015-11-21 00:34;#40FF13
4;spon_3055608;122;1;122;9999;2015-11-21 00:38;#40FF13
4;spmc129372683232763;123;1;123;9999;2015-11-21 00:39;#40FF13
4;bernstein9;124;1;124;9999;2015-11-21 00:41;#40FF13
4;bernstein9;125;2;6;6;2015-11-20 21:30;#40FF13
4;Tacitus73;126;2;11;11;2015-11-20 21:42;#40FF13
4;SK3112;127;1;127;9999;2015-11-21 00:56;#40FF13
4;smendrik;128;1;128;9999;2015-11-21 00:57;#40FF13
4;nordschaf;129;2;12;12;2015-11-20 21:44;#40FF13
4;geboren1969;130;1;130;9999;2015-11-21 01:01;#40FF13
4;schrottixle;131;1;131;9999;2015-11-21 01:02;#40FF13
4;RioTokio;132;1;132;9999;2015-11-21 01:03;#40FF13
4;erik_ritter;133;1;133;9999;2015-11-21 01:04;#40FF13
4;nordschaf;134;2;22;22;2015-11-20 21:50;#40FF13
4;DrIngmeier;135;1;135;9999;2015-11-21 01:04;#40FF13
4;delaowai;136;1;136;9999;2015-11-21 01:05;#40FF13
4;RioTokio;137;2;21;21;2015-11-20 21:48;#40FF13
4;Topf Gun;138;2;18;18;2015-11-20 21:46;#40FF13
4;arrache-coeur;139;1;139;9999;2015-11-21 01:14;#40FF13
4;RioTokio;140;2;27;27;2015-11-20 22:05;#40FF13
4;Prinz Neunmalklug;141;1;141;9999;2015-11-21 01:16;#40FF13
4;nordschaf;143;2;22;22;2015-11-20 21:50;#40FF13
4;defy_you;144;1;144;9999;2015-11-21 01:19;#40FF13
4;roby1111;145;1;145;9999;2015-11-21 01:24;#40FF13
4;Prinz Neunmalklug;146;1;146;9999;2015-11-21 01:36;#40FF13
4;thinking_about;147;2;33;33;2015-11-20 22:26;#40FF13
4;andreas_schmidt;148;1;148;9999;2015-11-21 01:45;#40FF13
4;kritischer_querdenker;149;1;149;9999;2015-11-21 01:52;#40FF13
4;Kaygeebee;150;1;150;9999;2015-11-21 01:57;#40FF13
4;AchimMeyer;151;1;151;9999;2015-11-21 01:58;#40FF13
4;criticos;152;1;152;9999;2015-11-21 02:04;#40FF13
4;sebastianxxx;153;1;153;9999;2015-11-21 02:11;#40FF13
4;westendie;155;1;155;9999;2015-11-21 02:24;#40FF13
4;timpia;156;1;156;9999;2015-11-21 02:49;#40FF13
4;emmalolobrigida;157;1;157;9999;2015-11-21 02:50;#40FF13
4;KlausP22;158;1;158;9999;2015-11-21 03:24;#40FF13
4;NonoFurbus;159;1;159;9999;2015-11-21 03:09;#40FF13
4;criticos;160;1;160;9999;2015-11-21 03:41;#40FF13
4;vorsicht.sarkasmus;161;1;161;9999;2015-11-21 03:48;#40FF13
4;Paul-Merlin;162;1;162;9999;2015-11-21 03:50;#40FF13
4;Paul-Merlin;163;2;8;8;2015-11-20 21:36;#40FF13
4;kakadu;164;1;164;9999;2015-11-21 04:59;#40FF13
4;mtergeman;165;1;165;9999;2015-11-21 05:11;#40FF13
4;kasam;166;1;166;9999;2015-11-21 05:14;#40FF13
4;Farguard;167;1;167;9999;2015-11-21 05:16;#40FF13
4;jodeli;168;1;168;9999;2015-11-21 05:40;#40FF13
4;Miere;169;1;169;9999;2015-11-21 05:51;#40FF13
4;Ashert;170;1;170;9999;2015-11-21 05:59;#40FF13
4;rebelrat;171;1;171;9999;2015-11-21 06:05;#40FF13
4;kk123;172;1;172;9999;2015-11-21 06:18;#40FF13
4;siegerlÌ_nder79;173;1;173;9999;2015-11-21 06:22;#40FF13
4;restauradores;175;1;175;9999;2015-11-21 06:28;#40FF13
4;lapetrovna;176;1;176;9999;2015-11-21 06:28;#40FF13
4;motzki687;177;1;177;9999;2015-11-21 06:30;#40FF13
4;manontree;178;1;178;9999;2015-11-21 06:46;#40FF13
4;Eppelein von Gailingen;180;1;180;9999;2015-11-21 06:50;#40FF13
4;Rammsteiner73;181;1;181;9999;2015-11-21 06:51;#40FF13
4;dr. ch. Bernhart;182;1;182;9999;2015-11-21 06:58;#40FF13
4;shopkeeper;183;1;183;9999;2015-11-21 07:02;#40FF13
4;From7000islands;184;2;18;18;2015-11-20 21:46;#40FF13
4;goethestrasse;185;2;18;18;2015-11-20 21:46;#40FF13
4;woltron;186;1;186;9999;2015-11-21 07:02;#40FF13
4;tonyalmeda;188;1;188;9999;2015-11-21 07:08;#40FF13
4;auto-trainer;189;1;189;9999;2015-11-21 07:10;#40FF13
4;goethestrasse;190;2;27;27;2015-11-20 22:05;#40FF13
4;angelobonn;191;1;191;9999;2015-11-21 07:12;#40FF13
4;leseoma;192;1;192;9999;2015-11-21 07:17;#40FF13
4;sponifix1977;193;1;193;9999;2015-11-21 07:19;#40FF13
4;betatom;195;1;195;9999;2015-11-21 07:19;#40FF13
4;ash26e;196;1;196;9999;2015-11-21 07:20;#40FF13
4;nofreemen;197;1;197;9999;2015-11-21 07:22;#40FF13
4;attis;198;1;198;9999;2015-11-21 07:22;#40FF13
4;ceepop1;199;1;199;9999;2015-11-21 07:23;#40FF13
4;GSYBE;200;1;200;9999;2015-11-21 07:23;#40FF13
4;voliberal;201;1;201;9999;2015-11-21 07:24;#40FF13
4;praetor300;202;1;202;9999;2015-11-21 07:26;#40FF13
4;aus_dem_off;204;1;204;9999;2015-11-21 07:29;#40FF13
4;regardlessfreeregardlessf;206;1;206;9999;2015-11-21 07:30;#40FF13
4;thunderstorm305;207;1;207;9999;2015-11-21 07:31;#40FF13
4;danubius;208;1;208;9999;2015-11-21 07:31;#40FF13
4;ex2012;209;1;209;9999;2015-11-21 07:33;#40FF13
4;jorei1;210;1;210;9999;2015-11-21 07:33;#40FF13
4;aus_dem_off;211;1;211;9999;2015-11-21 07:33;#40FF13
4;53er;212;1;212;9999;2015-11-21 07:33;#40FF13
4;aus_dem_off;213;1;213;9999;2015-11-21 07:34;#40FF13
4;ex2012;214;1;214;9999;2015-11-21 07:35;#40FF13
4;abcdef4159;215;1;215;9999;2015-11-21 07:37;#40FF13
4;OldJerk;216;1;216;9999;2015-11-21 07:38;#40FF13
4;Rammsteiner73;217;1;217;9999;2015-11-21 07:40;#40FF13
4;fabi.c;218;1;218;9999;2015-11-21 07:41;#40FF13
4;Worldwatch;219;2;35;35;2015-11-20 22:28;#40FF13
4;Spiegelleserin57;220;1;220;9999;2015-11-21 07:42;#40FF13
4;Humboldt;221;1;221;9999;2015-11-21 07:42;#40FF13
4;dirk1962;222;1;222;9999;2015-11-21 07:44;#40FF13
4;ThomasLE;223;2;35;35;2015-11-20 22:28;#40FF13
4;pico;224;1;224;9999;2015-11-21 07:45;#40FF13
4;odapiel;226;1;226;9999;2015-11-21 07:47;#40FF13
4;picassoundich;227;1;227;9999;2015-11-21 07:49;#40FF13
4;six_ten;228;1;228;9999;2015-11-21 07:50;#40FF13
4;jujo;229;2;29;29;2015-11-20 22:08;#40FF13
4;Spiegelleserin57;230;2;2;2;2015-11-20 21:24;#40FF13
4;alex300;231;1;231;9999;2015-11-21 07:52;#40FF13
4;Humboldt;232;3;26;26;2015-11-20 22:03;#40FF13
4;sudelnuppe;233;1;233;9999;2015-11-21 07:55;#40FF13
4;gruii001;234;1;234;9999;2015-11-21 07:55;#40FF13
4;micha_schmieder;235;1;235;9999;2015-11-21 07:56;#40FF13
4;rationalism;236;1;236;9999;2015-11-21 07:56;#40FF13
4;berlin1136;237;1;237;9999;2015-11-21 07:57;#40FF13
4;mrerenoth;238;1;238;9999;2015-11-21 07:58;#40FF13
4;baerenfreund-tim;239;1;239;9999;2015-11-21 07:59;#40FF13
4;jochenbloedel;240;1;240;9999;2015-11-21 07:59;#40FF13
4;meimic29;241;1;241;9999;2015-11-21 08:00;#40FF13
4;diestimmevonunten;242;1;242;9999;2015-11-21 08:00;#40FF13
4;das-schandmaul;243;1;243;9999;2015-11-21 08:01;#40FF13
4;ruhrpottprolet;245;1;245;9999;2015-11-21 08:01;#40FF13
4;six_ten;246;2;35;35;2015-11-20 22:28;#40FF13
4;Spiegelleserin57;247;2;31;31;2015-11-20 22:25;#40FF13
4;you_name_it;248;1;248;9999;2015-11-21 08:10;#40FF13
4;vigo1234;249;1;249;9999;2015-11-21 08:11;#40FF13
4;jjcamera;250;1;250;9999;2015-11-21 08:11;#40FF13
4;six_ten;251;2;30;30;2015-11-20 22:23;#40FF13
4;Sonia;252;1;252;9999;2015-11-21 08:11;#40FF13
4;harlkeinz;253;1;253;9999;2015-11-21 08:14;#40FF13
4;bohewulf;254;1;254;9999;2015-11-21 08:15;#40FF13
4;six_ten;255;1;255;9999;2015-11-21 08:15;#40FF13
4;gutmichl;256;1;256;9999;2015-11-21 08:15;#40FF13
4;hausierer;258;1;258;9999;2015-11-21 08:17;#40FF13
4;SirEdno ?;259;1;259;9999;2015-11-21 08:17;#40FF13
4;taliscas;260;1;260;9999;2015-11-21 08:17;#40FF13
4;cabeza_cuadrada;261;1;261;9999;2015-11-21 08:20;#40FF13
4;romaval;262;1;262;9999;2015-11-21 08:21;#40FF13
4;Nabob;263;1;263;9999;2015-11-21 08:21;#40FF13
4;axeljean;265;1;265;9999;2015-11-21 08:21;#40FF13
4;romaval;266;1;266;9999;2015-11-21 08:22;#40FF13
4;jjcamera;267;2;6;6;2015-11-20 21:30;#40FF13
4;regardlessfreeregardlessf;268;2;35;35;2015-11-20 22:28;#40FF13
4;kopp;269;1;269;9999;2015-11-21 08:24;#40FF13
4;buck_danny;270;2;27;27;2015-11-20 22:05;#40FF13
4;nirava;272;1;272;9999;2015-11-21 08:29;#40FF13
4;schmidthomas;273;2;35;35;2015-11-20 22:28;#40FF13
4;Munster;275;1;275;9999;2015-11-21 08:32;#40FF13
4;Munster;276;1;276;9999;2015-11-21 08:35;#40FF13
4;2623;278;2;7;7;2015-11-20 21:34;#40FF13
4;Fackel01;279;1;279;9999;2015-11-21 08:37;#40FF13
4;bwk;280;1;280;9999;2015-11-21 08:37;#40FF13
4;chardon;281;2;1;1;2015-11-20 21:22;#40FF13
4;Luna-lucia;282;1;282;9999;2015-11-21 08:37;#40FF13
4;Rayleight;283;1;283;9999;2015-11-21 08:37;#40FF13
4;kopp;284;1;284;9999;2015-11-21 08:28;#40FF13
4;flexier;285;2;5;5;2015-11-20 21:28;#40FF13
4;Freiheit fŸr Europa;286;1;286;9999;2015-11-20 21:22;#40FF13
4;MrSpinalzo;287;1;287;9999;2015-11-21 08:44;#40FF13
4;loewbaendiger;288;1;288;9999;2015-11-21 08:44;#40FF13
4;jjcamera;289;2;34;34;2015-11-20 22:28;#40FF13
4;claus.w.grunow;290;2;35;35;2015-11-20 22:28;#40FF13
4;2623;291;2;11;11;2015-11-20 21:42;#40FF13
4;Palmstroem;292;1;292;9999;2015-11-21 08:44;#40FF13
4;mk1966;293;1;293;9999;2015-11-21 08:46;#40FF13
4;flexier;294;2;22;22;2015-11-21 08:44;#40FF13
4;spiegelquax;295;2;18;18;2015-11-20 21:46;#40FF13
4;mwroer;296;2;22;22;2015-11-20 21:50;#40FF13
4;jonas4711;297;1;297;9999;2015-11-21 08:49;#40FF13
4;abocado;298;1;298;9999;2015-11-21 08:49;#40FF13
4;flexier;300;2;30;30;2015-11-20 22:23;#40FF13
4;nickleby;301;1;301;9999;2015-11-21 08:52;#40FF13
4;gwosdew;302;1;302;9999;2015-11-21 08:52;#40FF13
4;jus94;303;1;303;9999;2015-11-21 08:52;#40FF13
4;six_ten;304;1;304;9999;2015-11-21 08:55;#40FF13
4;2623;305;2;22;22;2015-11-20 21:50;#40FF13
4;gruii001;306;1;306;9999;2015-11-21 08:55;#40FF13
4;six_ten;307;1;307;9999;2015-11-21 08:55;#40FF13
4;seppfett;308;1;308;9999;2015-11-21 08:55;#40FF13
4;sepp08;309;1;309;9999;2015-11-21 08:56;#40FF13
4;sepp08;310;2;41;41;2015-11-20 22:34;#40FF13
4;jonas4711;311;1;311;9999;2015-11-21 09:00;#40FF13
4;kritischer-spiegelleser;312;1;312;9999;2015-11-21 09:01;#40FF13
4;bubi007;313;1;313;9999;2015-11-21 09:01;#40FF13
4;kaputtgino;314;1;314;9999;2015-11-21 09:01;#40FF13
4;fšrdeanwohner;315;2;24;24;2015-11-20 22:00;#40FF13
4;2623;316;2;42;42;2015-11-20 22:34;#40FF13
4;friedrich_eckard;317;1;317;9999;2015-11-21 09:04;#40FF13
4;KingTut;318;1;318;9999;2015-11-21 09:04;#40FF13
4;jujo;319;1;319;9999;2015-11-21 09:04;#40FF13
4;ekel-alfred;320;2;50;50;2015-11-20 22:46;#40FF13
4;localpatriot;321;2;41;41;2015-11-20 22:34;#40FF13
4;GJ1959;322;1;322;9999;2015-11-21 09:06;#40FF13
4;ackermart;323;1;323;9999;2015-11-21 09:07;#40FF13
4;icke0816;324;1;324;9999;2015-11-21 09:07;#40FF13
4;simsalabimsi;325;1;325;9999;2015-11-21 09:07;#40FF13
4;BŸrger BŸ;326;1;326;9999;2015-11-21 09:08;#40FF13
4;flexier;327;2;74;74;2015-11-20 23:22;#40FF13
4;wieissesdennnurmoeglich;328;1;328;9999;2015-11-21 09:09;#40FF13
4;Kaiserstuhlwinzer;329;1;329;9999;2015-11-21 09:09;#40FF13
4;xehris;330;2;8;8;2015-11-20 21:36;#40FF13
4;Josef B;331;1;331;9999;2015-11-21 09:12;#40FF13
4;Dr. Ulrich;332;1;332;9999;2015-11-21 09:12;#40FF13
4;biesi61;333;1;333;9999;2015-11-21 14:30;#40FF13
4;willibrand;334;1;334;9999;2015-11-21 14:34;#40FF13
4;jo-jo-2000;335;1;335;9999;2015-11-21 14:34;#40FF13
4;Charlie Brown II;336;1;336;9999;2015-11-21 14:35;#40FF13
4;shc;337;1;337;9999;2015-11-21 14:36;#40FF13
4;oldeisi;338;1;338;9999;2015-11-21 14:36;#40FF13
4;stahlfahrer;339;1;339;9999;2015-11-21 14:37;#40FF13
4;lagoya;341;2;2;2;2015-11-20 21:24;#40FF13
4;Charlie Brown II;342;2;73;73;2015-11-20 23:18;#40FF13
4;steinbock8;343;1;343;9999;2015-11-21 14:44;#40FF13
4;Dr. Kilad;344;1;344;9999;2015-11-21 14:44;#40FF13
4;Maulverbot;345;2;27;27;2015-11-20 22:05;#40FF13
4;KuGen;346;1;346;9999;2015-11-21 14:44;#40FF13
4;Klaus.Freitag;347;1;347;9999;2015-11-21 14:44;#40FF13
4;dieter 4711;348;2;3;3;2015-11-20 21:27;#40FF13
4;hausierer;349;2;42;42;2015-11-20 22:36;#40FF13
4;WolfThieme;350;1;350;9999;2015-11-21 14:47;#40FF13
4;beobachter68;351;1;351;9999;2015-11-21 14:48;#40FF13
4;ceepop1;352;1;352;9999;2015-11-21 14:49;#40FF13
4;mikado17;353;1;353;9999;2015-11-21 14:50;#40FF13
4;motorraucher;354;1;354;9999;2015-11-21 14:50;#40FF13
4;mackeldei;355;2;57;57;2015-11-20 22:55;#40FF13
4;gonzo60;356;1;356;9999;2015-11-21 14:53;#40FF13
4;humble_opinion;357;1;357;9999;2015-11-21 14:53;#40FF13
4;spitzaufknoof;358;1;358;9999;2015-11-21 14:53;#40FF13
4;gunpot;359;1;359;9999;2015-11-21 14:44;#40FF13
4;Pierre30;360;1;360;9999;2015-11-21 15:01;#40FF13
4;chjuma;361;1;361;9999;2015-11-21 15:06;#40FF13
4;dherr;362;2;73;73;2015-11-20 23:18;#40FF13
4;kael;363;1;363;9999;2015-11-21 15:11;#40FF13
4;fpwolf;364;1;364;9999;2015-11-21 15:21;#40FF13
4;a.braun;365;1;365;9999;2015-11-21 15:31;#40FF13
4;Flugor;366;3;54;54;2015-11-20 22:52;#40FF13
4;Flugor;367;3;60;60;2015-11-20 23:06;#40FF13
4;dherr;368;1;368;9999;2015-11-21 15:42;#40FF13
4;Flugor;369;3;80;80;2015-11-20 23:37;#40FF13
4;jamiro32;370;1;370;9999;2015-11-21 15:54;#40FF13
4;galbraith-leser;371;2;364;364;2015-11-21 15:21;#40FF13
4;Charlie Brown II;372;2;364;364;2015-11-21 15:21;#40FF13
4;lagoya;373;2;32;32;2015-11-20 22:25;#40FF13
4;Charlie Brown II;374;3;371;371;2015-11-21 15:55;#40FF13
4;Flugor;375;2;102;102;2015-11-21 00:01;#40FF13
4;a.braun;376;3;88;88;2015-11-20 23:46;#40FF13
4;a.braun;377;2;93;93;2015-11-20 23:49;#40FF13
4;bristolbay;378;2;57;57;2015-11-20 22:55;#40FF13
4;katzundmaus;379;1;379;9999;2015-11-21 16:16;#40FF13
4;bristolbay;380;2;105;105;2015-11-21 00:03;#40FF13
4;Flugor;381;1;381;9999;2015-11-21 16:19;#40FF13
4;Tacitus73;382;2;361;361;2015-11-21 15:06;#40FF13
4;a.braun;383;2;106;106;2015-11-21 00:05;#40FF13
4;Flugor;384;2;175;175;2015-11-21 06:28;#40FF13
4;bristolbay;385;2;118;118;2015-11-21 00:32;#40FF13
4;curiosus_;386;2;81;81;2015-11-20 23:38;#40FF13
4;Flugor;387;3;190;190;2015-11-21 07:11;#40FF13
4;roland56;388;2;9;9;2015-11-20 21:38;#40FF13
4;curiosus_;389;3;88;88;2015-11-20 23:46;#40FF13
4;Flugor;390;2;191;191;2015-11-21 07:12;#40FF13
4;Tacitus73;391;3;294;294;2015-11-21 08:46;#40FF13
4;roland56;392;2;18;18;2015-11-20 21:46;#40FF13
4;bristolbay;393;2;148;148;2015-11-21 01:45;#40FF13
4;gruii001;394;1;394;9999;2015-11-21 16:43;#40FF13
4;balotelli;395;1;395;9999;2015-11-21 16:43;#40FF13
4;RieserMan;396;1;396;9999;2015-11-21 16:49;#40FF13
4;rauhbesser;397;1;397;9999;2015-11-21 16:51;#40FF13
4;chilischweiz;398;3;378;378;2015-11-21 16:10;#40FF13
4;Celestine;399;2;27;27;2015-11-20 22:05;#40FF13
4;flotalo;400;2;397;397;2015-11-21 16:51;#40FF13
4;el-oso;401;1;401;9999;2015-11-21 17:03;#40FF13
4;Tacitus73;402;2;396;396;2015-11-21 16:49;#40FF13
4;eschoeff;403;1;403;9999;2015-11-21 17:12;#40FF13
4;eschoeff;404;1;404;9999;2015-11-21 17:13;#40FF13
4;malocher77;405;1;405;9999;2015-11-21 17:13;#40FF13
4;Celestine;406;4;398;398;2015-11-21 16:56;#40FF13
4;Schuetz-Meier;407;1;407;9999;2015-11-21 17:22;#40FF13
4;pille!;408;1;408;9999;2015-11-21 17:24;#40FF13
4;pico;409;1;409;9999;2015-11-21 17:26;#40FF13
4;schmidthomas;410;2;325;325;2015-11-21 09:08;#40FF13
4;chilischweiz;411;5;406;406;2015-11-21 17:16;#40FF13
4;caliper;412;1;412;9999;2015-11-21 17:53;#40FF13
4;chilischweiz;413;2;412;412;2015-11-21 17:53;#40FF13
4;didimax;414;1;414;9999;2015-11-21 18:11;#40FF13
4;Flugor;415;2;228;228;2015-11-21 07:50;#40FF13
4;Topf Gun;416;2;202;202;2015-11-21 07:26;#40FF13
4;chilischweiz;417;2;414;414;2015-11-21 18:11;#40FF13
4;Topf Gun;418;2;235;235;2015-11-21 07:56;#40FF13
4;Flugor;419;2;238;238;2015-11-21 07:58;#40FF13
4;Topf Gun;420;3;300;300;2015-11-21 08:51;#40FF13
4;roland56;421;3;294;294;2015-11-21 08:46;#40FF13
4;Topf Gun;422;2;57;57;2015-11-20 22:55;#40FF13
4;Celestine;423;6;411;411;2015-11-21 17:53;#40FF13
4;lemmy;424;1;424;9999;2015-11-21 18:43;#40FF13
4;Topf Gun;425;2;360;360;2015-11-21 15:01;#40FF13
4;Flugor;426;2;304;304;2015-11-21 08:55;#40FF13
4;chilischweiz;427;3;415;415;2015-11-21 18:15;#40FF13
4;Flugor;428;3;270;270;2015-11-21 08:24;#40FF13
4;lagoya;429;3;415;415;2015-11-21 18:15;#40FF13
4;caliper;430;3;413;413;2015-11-21 18:04;#40FF13
4;jrgen.reimers;431;1;431;9999;2015-11-21 19:00;#40FF13
4;Flugor;432;3;345;345;2015-11-21 14:44;#40FF13
4;Flugor;433;2;361;361;2015-11-21 15:06;#40FF13
4;bristolbay;434;6;411;411;2015-11-21 17:53;#40FF13
4;filimou;435;3;300;300;2015-11-21 08:51;#40FF13
4;Flugor;436;3;386;386;2015-11-21 16:28;#40FF13
4;localpatriot;437;2;102;102;2015-11-21 00:01;#40FF13
4;bristolbay;438;2;431;431;2015-11-21 19:00;#40FF13
4;chilischweiz;439;7;423;423;2015-11-21 18:43;#40FF13
4;Flugor;440;3;399;399;2015-11-21 16:59;#40FF13
4;localpatriot;441;2;340;340;2015-11-21 14:38;#40FF13
4;filimou;442;1;442;9999;2015-11-21 19:54;#40FF13
4;Flugor;443;3;402;402;2015-11-21 17:09;#40FF13
4;Tacitus73;444;7;423;423;2015-11-21 18:43;#40FF13
4;messwert;445;1;445;9999;2015-11-21 20:03;#40FF13
4;caliper;446;4;436;436;2015-11-21 19:33;#40FF13
4;Tacitus73;447;4;432;432;2015-11-21 19:07;#40FF13
4;Flugor;448;4;427;427;2015-11-21 18:47;#40FF13
4;Tacitus73;449;4;443;443;2015-11-21 19:56;#40FF13
4;Flugor;450;4;429;429;2015-11-21 19:58;#40FF13
4;Celestine;451;8;444;444;2015-11-21 20:02;#40FF13
4;jamguy;452;2;6;6;2015-11-21 21:30;#40FF13
4;Topf Gun;453;4;428;428;2015-11-21 18:51;#40FF13
4;Celestine;454;8;439;439;2015-11-21 19:38;#40FF13
4;stefan.putt;455;1;455;9999;2015-11-21 21:30;#40FF13
4;comod;456;5;450;450;2015-11-21 20:37;#40FF13
4;yadi;457;1;457;9999;2015-11-21 22:11;#40FF13
4;honigmandel;458;4;428;428;2015-11-21 18:51;#40FF13
4;honigmandel;459;3;419;419;2015-11-21 18:35;#40FF13
4;SigismundRuestig;460;1;460;9999;2015-11-21 23:05;#40FF13
4;lagoya;461;5;450;450;2015-11-21 20:37;#40FF13
4;chilischweiz;462;9;454;454;2015-11-21 21:13;#40FF13
4;chilischweiz;463;5;448;448;2015-11-21 20:23;#40FF13
4;Tacitus73;464;9;451;451;2015-11-21 21:08;#40FF13
4;uvg;465;1;465;9999;2015-11-22 02:43;#40FF13
4;Paul-Merlin;466;2;191;191;2015-11-21 07:12;#40FF13
4;berlin1136;467;2;275;275;2015-11-21 08:32;#40FF13
4;Radlermass;468;1;468;9999;2015-11-22 07:57;#40FF13
4;foren+spon;469;1;469;9999;2015-11-22 08:57;#40FF13
4;chilischweiz;470;2;468;468;2015-11-22 07:57;#40FF13
4;caliper;471;2;469;469;2015-11-22 08:57;#40FF13
4;localpatriot;472;2;457;457;2015-11-21 22:11;#40FF13
4;Flugor;473;5;446;446;2015-11-21 20:05;#40FF13
4;Flugor;474;5;447;447;2015-11-21 20:20;#40FF13
4;Flugor;475;5;449;449;2015-11-21 20:30;#40FF13
4;Flugor;476;5;458;458;2015-11-21 22:12;#40FF13
4;Flugor;477;6;461;461;2015-11-21 23:09;#40FF13
4;localpatriot;478;6;474;474;2015-11-22 10:34;#40FF13
4;lagoya;479;7;477;477;2015-11-22 11:07;#40FF13
4;Tacitus73;480;6;474;474;2015-11-22 10:34;#40FF13
4;sososo.63;481;3;98;98;2015-11-21 06:20;#40FF13
4;Flugor;482;4;459;459;2015-11-21 22:25;#40FF13
4;Charlie Brown II;483;5;482;482;2015-11-22 12:34;#40FF13
4;Reinhard Radel;484;2;1;1;2015-11-21 21:22;#40FF13
4;eisbŠrchen_123;485;1;485;9999;2015-11-22 14:34;#40FF13
4;gerhard_schell;486;3;484;484;2015-11-22 13:23;#40FF13
4;Flugor;487;3;471;471;2015-11-22 09:52;#40FF13
4;Flugor;488;7;478;478;2015-11-22 11:39;#40FF13
4;Talloires;489;2;27;27;2015-11-20 22:05;#40FF13
4;mittelstandtfreund;490;1;490;9999;2015-11-22 18:04;#40FF13
4;caliper;491;4;487;487;2015-11-22 09:53;#40FF13
4;localpatriot;492;8;488;488;2015-11-22 11:41;#40FF13
5;Mischa;10001;1;1;19999;2015-11-20 19:36;#E8DE12
5;bausa;10002;1;2;19999;2015-11-20 19:47;#E8DE12
5;ulli7;10003;1;3;19999;2015-11-20 19:54;#E8DE12
5;günterjoachim;10004;1;4;19999;2015-11-20 19:57;#E8DE12
5;harry009;10005;1;5;19999;2015-11-20 20:11;#E8DE12
5;prologo;10006;2;3;10003;2015-11-20 19:54;#E8DE12
5;grilo;10007;1;7;19999;2015-11-20 20:11;#E8DE12
5;Erothronium2;10008;1;8;19999;2015-11-20 20:14;#E8DE12
5;balotelli;10009;1;9;19999;2015-11-20 20:19;#E8DE12
5;müller1;10011;1;11;19999;2015-11-20 20:20;#E8DE12
5;m.breitkopf;10012;1;12;19999;2015-11-20 20:20;#E8DE12
5;wecan;10013;1;13;19999;2015-11-20 20:23;#E8DE12
5;yadi;10014;1;14;19999;2015-11-20 20:27;#E8DE12
5;EraserFS;10015;1;15;19999;2015-11-20 20:28;#E8DE12
5;ocelot99;10016;1;16;19999;2015-11-20 20:29;#E8DE12
5;thomas bode;10017;1;17;19999;2015-11-20 20:29;#E8DE12
5;dirk1962;10018;1;18;19999;2015-11-20 20:32;#E8DE12
5;in-teressant!;10019;1;19;19999;2015-11-20 20:37;#E8DE12
5;mitt66jahren;10020;1;20;19999;2015-11-20 20:40;#E8DE12
5;karend;10021;2;1;10001;2015-11-20 19:36;#E8DE12
5;Dr. Kilad;10022;1;22;19999;2015-11-20 20:43;#E8DE12
5;mue3333;10023;1;23;19999;2015-11-20 20:44;#E8DE12
5;vnv_muc;10024;1;24;19999;2015-11-20 20:44;#E8DE12
5;politisch_nicht_korrekt;10025;1;25;19999;2015-11-20 20:45;#E8DE12
5;ulrich g;10026;1;26;19999;2015-11-20 20:50;#E8DE12
5;Liberalitärer;10027;1;27;19999;2015-11-20 20:50;#E8DE12
5;freizeitverkaeufer;10028;1;28;19999;2015-11-20 20:54;#E8DE12
5;mirror999999999;10029;1;29;19999;2015-11-20 20:56;#E8DE12
5;tolate;10030;1;30;19999;2015-11-20 20:56;#E8DE12
5;zitzewitz;10031;1;31;19999;2015-11-20 20:59;#E8DE12
5;csapo-f;10032;1;32;19999;2015-11-20 21:00;#E8DE12
5;deckergs;10033;2;3;10003;2015-11-20 19:54;#E8DE12
5;kuac;10034;2;17;10017;2015-11-20 20:29;#E8DE12
5;braindead0815;10035;1;35;19999;2015-11-20 21:09;#E8DE12
5;sotomajor;10036;1;36;19999;2015-11-20 21:10;#E8DE12
5;balouchen;10037;1;37;19999;2015-11-20 21:13;#E8DE12
5;dirk1962;10038;1;38;19999;2015-11-20 21:14;#E8DE12
5;powerofsky;10039;1;39;19999;2015-11-20 21:18;#E8DE12
5;deckergs;10040;2;15;10015;2015-11-20 20:28;#E8DE12
5;ssommerf;10041;1;41;19999;2015-11-20 21:19;#E8DE12
5;ocelot99;10042;2;7;10007;2015-11-20 21:11;#E8DE12
5;Liberalitärer;10043;2;32;10032;2015-11-20 21:00;#E8DE12
5;amdorf;10044;1;44;19999;2015-11-20 20:27;#E8DE12
5;andreasf3344;10045;1;45;19999;2015-11-20 20:28;#E8DE12
5;tomymind;10046;2;13;10013;2015-11-20 20:23;#E8DE12
5;Emil Peisker;10047;2;38;10038;2015-11-20 21:14;#E8DE12
31;kasulzke;20001;1;1;29999;2016-11-24 08:18;#FF9417
31;mamas.duemmster;20002;1;2;29999;2016-11-24 08:18;#FF9417
31;clausbremen;20003;1;3;29999;2016-11-24 08:18;#FF9417
31;kant_unbe;20004;1;4;29999;2016-11-24 08:27;#FF9417
31;wahrsager26;20005;1;5;29999;2016-11-24 08:29;#FF9417
31;roughneckgermany;20006;1;6;29999;2016-11-24 08:36;#FF9417
31;neutraldenker;20007;2;6;20006;2016-11-24 08:36;#FF9417
31;SigismundRuestig;20008;1;8;29999;2016-11-24 08:40;#FF9417
31;nilux;20009;1;9;29999;2016-11-24 08:41;#FF9417
31;hevopl;20010;1;10;29999;2016-11-24 08:41;#FF9417
31;thequickeningishappening;20011;1;11;29999;2016-11-24 08:46;#FF9417
31;Heimatfreund;20012;1;12;29999;2016-11-24 08:46;#FF9417
31;cave-canem;20013;1;13;29999;2016-11-24 08:47;#FF9417
31;kopp;20014;1;14;29999;2016-11-24 08:50;#FF9417
31;konib;20015;1;15;29999;2016-11-24 08:51;#FF9417
31;gegenpressing;20016;2;3;20003;2016-11-24 08:18;#FF9417
31;Tacitus73;20017;1;17;29999;2016-11-24 08:55;#FF9417
31;Fragen&Neugier;20018;2;3;20003;2016-11-24 08:18;#FF9417
31;akkzent;20019;2;3;20003;2016-11-24 08:18;#FF9417
31;gegenpressing;20020;2;14;20014;2016-11-24 08:50;#FF9417
31;fatman67;20021;2;3;20003;2016-11-24 08:18;#FF9417
31;nordlys;20022;2;1;20001;2016-11-24 08:18;#FF9417
31;i.dietz;20023;2;5;20005;2016-11-24 08:29;#FF9417
31;lab61;20024;2;3;20003;2016-11-24 08:18;#FF9417
31;Schlumperli;20025;2;11;20011;2016-11-24 08:46;#FF9417
31;nordlys;20026;2;15;20015;2016-11-24 08:51;#FF9417
31;Fragen&Neugier;20027;2;1;20001;2016-11-24 08:18;#FF9417
31;Matyaz;20028;1;28;29999;2016-11-24 08:15;#FF9417
31;mc6206;20029;1;29;29999;2016-11-24 08:16;#FF9417
31;coloneltw;20030;1;30;29999;2016-11-24 08:18;#FF9417
31;ohlala!;20031;2;3;20003;2016-11-24 08:18;#FF9417
31;konib;20032;3;26;20026;2016-11-24 09:11;#FF9417
31;bavariae;20033;2;6;20006;2016-11-24 08:36;#FF9417
31;Isegrim1949;20034;2;17;20017;2016-11-24 08:55;#FF9417
31;eriatlov;20035;3;19;20019;2016-11-24 08:57;#FF9417
31;Freidenker10;20036;1;36;29999;2016-11-24 09:25;#FF9417
31;albert.denter;20037;1;37;29999;2016-11-24 09:26;#FF9417
31;vonschnitzler;20038;1;38;29999;2016-11-24 09:27;#FF9417
31;akkzent;20039;3;22;20022;2016-11-24 09:03;#FF9417
31;Isegrim1949;20040;3;21;20021;2016-11-24 09:03;#FF9417
31;Mach999;20041;2;3;20003;2016-11-24 08:18;#FF9417
31;bavariae;20042;3;20;20020;2016-11-24 08:58;#FF9417
31;birdie;20043;1;43;29999;2016-11-24 09:30;#FF9417
31;kyon;20044;2;15;20015;2016-11-24 08:51;#FF9417
31;vantas64;20045;1;45;29999;2016-11-24 09:31;#FF9417
31;Isegrim1949;20046;1;46;29999;2016-11-24 09:37;#FF9417
31;nummer50;20047;4;32;20032;2016-11-24 09:19;#FF9417
31;rkinfo;20048;2;6;20006;2016-11-24 08:36;#FF9417
31;Fragen&Neugier;20049;3;19;20019;2016-11-24 08:57;#FF9417
31;zeisig;20050;2;15;20015;2016-11-24 08:51;#FF9417
31;pepe-b;20051;1;51;29999;2016-11-24 09:45;#FF9417
31;el_flo;20052;1;52;29999;2016-11-24 09:45;#FF9417
31;portlana;20053;2;3;20003;2016-11-24 08:18;#FF9417
31;ohlala!;20054;2;36;20036;2016-11-24 09:25;#FF9417
31;Fragen&Neugier;20055;3;20;20020;2016-11-24 08:58;#FF9417
31;Knackeule;20056;1;56;29999;2016-11-24 09:47;#FF9417
31;gehirngebrauch;20057;1;57;29999;2016-11-24 09:48;#FF9417
31;ruhrpottsonne;20058;2;3;20003;2016-11-24 08:18;#FF9417
31;Matyaz;20059;2;38;20038;2016-11-24 09:27;#FF9417
31;otto_iii;20060;1;60;29999;2016-11-24 09:50;#FF9417
31;fthoe;20061;1;61;29999;2016-11-24 09:50;#FF9417
31;Fragen&Neugier;20062;2;29;20029;2016-11-24 09:16;#FF9417
31;portlana;20063;3;7;20007;2016-11-24 08:38;#FF9417
31;wasistlosnix;20064;1;64;29999;2016-11-24 09:53;#FF9417
31;eschoeff;20065;2;15;20015;2016-11-24 08:51;#FF9417
31;KingTut;20066;1;66;29999;2016-11-24 09:57;#FF9417
31;eagle29;20067;1;67;29999;2016-11-24 09:58;#FF9417
31;ruhrpottsonne;20068;3;16;20016;2016-11-24 08:53;#FF9417
31;mamas.duemmster;20069;1;69;29999;2016-11-24 09:59;#FF9417
31;auslaender101;20070;1;70;29999;2016-11-24 10:00;#FF9417
31;cabeza_cuadrada;20071;2;3;20003;2016-11-24 08:18;#FF9417
31;rkinfo;20072;2;1;20001;2016-11-24 08:18;#FF9417
31;zeisig;20073;1;73;29999;2016-11-24 10:00;#FF9417
31;ohlala!;20074;4;40;20040;2016-11-24 09:27;#FF9417
31;geradesteller;20075;1;75;29999;2016-11-24 17:59;#FF9417
31;gegenpressing;20076;4;49;20049;2016-11-24 09:42;#FF9417
31;gehirngebrauch;20077;3;31;20031;2016-11-24 09:18;#FF9417
31;tadano;20078;1;78;29999;2016-11-24 10:08;#FF9417
31;Freidenker10;20079;3;54;20054;2016-11-24 09:47;#FF9417
31;Racer77;20080;2;8;20008;2016-11-24 08:40;#FF9417
31;Malshandir;20081;1;81;29999;2016-11-24 10:13;#FF9417
31;filimou;20082;1;82;29999;2016-11-24 10:14;#FF9417
31;wecan;20083;1;83;29999;2016-11-24 10:14;#FF9417
31;RudiRastlos2;20084;1;84;29999;2016-11-24 10:16;#FF9417
31;swische;20085;1;85;29999;2016-11-24 10:18;#FF9417
31;nordlys;20086;4;32;20032;2016-11-24 09:19;#FF9417
31;Tacitus73;20087;3;21;20021;2016-11-24 09:03;#FF9417
31;klaus.wuebben;20088;1;88;29999;2016-11-24 10:26;#FF9417
31;Brumbrum;20089;2;4;20004;2016-11-24 08:27;#FF9417
31;FŸrstengruft;20091;3;65;20065;2016-11-24 09:55;#FF9417
31;obiwarndemokrat;20092;1;92;29999;2016-11-24 10:31;#FF9417
31;Fragen&Neugier;20093;1;93;29999;2016-11-24 10:32;#FF9417
31;ruhrpottsonne;20094;5;74;20074;2016-11-24 10:02;#FF9417
31;nordlys;20095;5;74;20074;2016-11-24 10:02;#FF9417
31;cum infamia;20096;2;6;20006;2016-11-24 08:36;#FF9417
31;fabianw83;20097;1;97;29999;2016-11-24 10:40;#FF9417
31;aktenzeichen;20098;1;98;29999;2016-11-24 10:41;#FF9417
31;MKAchter;20099;2;6;20006;2016-11-24 08:36;#FF9417
31;qwertmaster;20100;1;100;29999;2016-11-24 10:43;#FF9417
31;behemoth1;20101;2;6;20006;2016-11-24 08:36;#FF9417
31;skr72;20102;1;102;29999;2016-11-24 10:53;#FF9417
31;Benko;20103;1;103;29999;2016-11-24 10:55;#FF9417
31;zeisig;20104;1;104;29999;2016-11-24 11:01;#FF9417
31;Isegrim1949;20105;5;74;20074;2016-11-24 10:02;#FF9417
31;Isegrim1949;20106;5;74;20074;2016-11-24 10:02;#FF9417
31;Hilfskraft;20107;2;4;20004;2016-11-24 08:27;#FF9417
31;dieter_spiegel;20108;1;108;29999;2016-11-24 11:04;#FF9417
31;lothar.thuermer;20109;1;109;29999;2016-11-24 11:05;#FF9417
31;Isegrim1949;20110;5;74;20074;2016-11-24 10:02;#FF9417
31;checkitoutple;20111;1;111;29999;2016-11-24 11:10;#FF9417
31;kenguru;20112;1;112;29999;2016-11-24 11:14;#FF9417
31;HeisseLuft;20113;3;99;20099;2016-11-24 10:42;#FF9417
31;manicmecanic;20114;1;114;29999;2016-11-24 11:17;#FF9417
31;dasistdasende;20115;1;115;29999;2016-11-24 11:17;#FF9417
31;aktenzeichen;20116;3;99;20099;2016-11-24 10:42;#FF9417
31;Tacitus73;20117;4;113;20113;2016-11-24 11:15;#FF9417
31;jjcamera;20118;1;118;29999;2016-11-24 11:31;#FF9417
31;Moni Merz;20119;1;119;29999;2016-11-24 11:34;#FF9417
31;jjcamera;20120;2;108;20108;2016-11-24 11:04;#FF9417
31;Badener1848;20121;1;121;29999;2016-11-24 11:36;#FF9417
31;Nichtraucher;20122;1;122;29999;2016-11-24 11:37;#FF9417
31;spon-facebook-10000642859;20123;1;123;29999;2016-11-24 11:42;#FF9417
31;aktenzeichen;20124;2;115;20115;2016-11-24 11:17;#FF9417
31;MKAchter;20125;2;102;20102;2016-11-24 10:53;#FF9417
31;Listkaefer;20126;1;126;29999;2016-11-24 11:44;#FF9417
31;Fragen&Neugier;20127;5;76;20076;2016-11-24 10:05;#FF9417
31;wahrsager26;20128;2;8;20008;2016-11-24 08:40;#FF9417
31;karl-felix;20129;2;5;20005;2016-11-24 08:29;#FF9417
31;leserin_45;20130;1;130;29999;2016-11-24 12:01;#FF9417
31;aktenzeichen;20131;2;126;20126;2016-11-24 11:44;#FF9417
31;Nichtraucher;20132;2;29;20029;2016-11-24 09:16;#FF9417
31;Troll-Oberkommando;20133;1;133;29999;2016-11-24 12:10;#FF9417
31;karl-felix;20134;2;118;20118;2016-11-24 11:31;#FF9417
31;HeisseLuft;20135;2;119;20119;2016-11-24 11:34;#FF9417
31;IB_31;20136;3;99;20099;2016-11-24 10:42;#FF9417
31;karl-felix;20137;3;125;20125;2016-11-24 11:43;#FF9417
31;HeisseLuft;20138;4;136;20136;2016-11-24 12:16;#FF9417
31;Peter Bernhard;20139;3;7;20007;2016-11-24 08:38;#FF9417
31;skr72;20140;3;125;20125;2016-11-24 11:43;#FF9417
31;spiegelobild;20141;1;141;29999;2016-11-24 12:52;#FF9417
31;monolithos;20142;1;142;29999;2016-11-24 12:53;#FF9417
31;RoWisch;20143;3;128;20128;2016-11-24 12:55;#FF9417
31;bielefelder73;20144;1;144;29999;2016-11-24 12:59;#FF9417
31;nordlys;20145;3;134;20134;2016-11-24 12:12;#FF9417
31;jojack;20146;2;1;20001;2016-11-24 08:18;#FF9417
31;cabeza_cuadrada;20147;3;129;20129;2016-11-24 12:00;#FF9417
31;jojack;20148;2;5;20005;2016-11-24 08:29;#FF9417
31;giostamm11;20149;1;149;29999;2016-11-24 13:23;#FF9417
31;Tacitus73;20150;2;126;20126;2016-11-24 11:44;#FF9417
31;brunellot;20151;1;151;29999;2016-11-24 13:43;#FF9417
31;IB_31;20152;5;138;20138;2016-11-24 12:26;#FF9417
31;hotgorn;20153;1;153;29999;2016-11-24 13:52;#FF9417
31;multi_io;20154;1;154;29999;2016-11-24 13:54;#FF9417
31;wut62;20155;2;8;20008;2016-11-24 08:40;#FF9417
31;wut62;20156;2;8;20008;2016-11-24 08:40;#FF9417
31;hotgorn;20157;1;157;29999;2016-11-24 14:02;#FF9417
31;stonecold;20158;2;15;20015;2016-11-24 08:51;#FF9417
31;Strichnid;20159;1;159;29999;2016-11-24 14:11;#FF9417
31;hotgorn;20160;2;159;20159;2016-11-24 14:11;#FF9417
31;skr72;20161;3;150;20150;2016-11-24 13:29;#FF9417
31;unaufgeregter;20162;1;162;29999;2016-11-24 14:38;#FF9417
31;MKAchter;20163;2;159;20159;2016-11-24 14:11;#FF9417
31;unaufgeregter;20164;3;163;20163;2016-11-24 14:41;#FF9417
31;Gerd@Bundestag.de;20165;3;158;20158;2016-11-24 14:04;#FF9417
31;Taugur;20166;1;166;29999;2016-11-24 15:02;#FF9417
31;karl-felix;20167;4;145;20145;2016-11-24 13:09;#FF9417
31;brunolafitte;20168;2;6;20006;2016-11-24 08:36;#FF9417
31;Gerd@Bundestag.de;20169;4;164;20164;2016-11-24 14:48;#FF9417
31;brunolafitte;20170;2;8;20008;2016-11-24 08:40;#FF9417
31;Tacitus73;20171;4;161;20161;2016-11-24 14:38;#FF9417
31;dieter 4711;20172;1;172;29999;2016-11-24 16:04;#FF9417
31;skr72;20173;5;171;20171;2016-11-24 15:36;#FF9417
31;citizen01;20174;1;174;29999;2016-11-24 17:35;#FF9417
31;geradesteller;20175;1;175;29999;2016-11-24 10:03;#FF9417
31;larsmach;20176;1;176;29999;2016-11-24 18:08;#FF9417
31;managerbraut;20177;1;177;29999;2016-11-24 18:09;#FF9417
31;larsmach;20178;2;3;20003;2016-11-24 08:18;#FF9417
31;skr72;20179;2;175;20175;2016-11-24 10:03;#FF9417
31;Peter Bernhard;20180;1;180;29999;2016-11-24 19:07;#FF9417
31;hotgorn;20181;3;178;20178;2016-11-24 18:20;#FF9417
31;Tacitus73;20182;6;173;20173;2016-11-24 16:24;#FF9417
31;sven_h;20183;1;183;29999;2016-11-25 02:48;#FF9417
31;MKAchter;20184;6;173;20173;2016-11-24 16:24;#FF9417
31;Kurt2.1;20185;1;185;29999;2016-11-25 08:15;#FF9417